"id","name","statecode","survey_year","is_dcf_applicable","type_id","district_code"
"0774","DIT UNIVERSITY","05","2015","true","03","060"
"0775","GLS UNIVERSITY","24","2015","true","03","474"
"0813","LNCT UNIVERSITY","23","2015","true","03","444"
"0779","AMITY UNIVERSITY","19","2015","true","03","337"
"0776","DAV University","03","2015","true","03","037"
"0789","GNA UNIVERSITY","03","2015","true","03","036"
"0816","PRATAP UNIVERSITY","08","2015","true","03","110"
"0790","RAI UNIVERSITY","24","2015","true","03","474"
"0808","RAMA UNIVERSITY UTTAR PRADESH","09","2015","true","03","164"
"0791","SUN RISE UNIVERSITY","08","2015","true","03","104"
"0809","J S University","09","2015","true","03","147"
"0177","Baddi University of Emerging Sciences and Technology, Baddi (Makhnumajra), Solan","02","2015","true","03","031"
"0751","STATE UNIVERSITY OF PERFORMING AND VISUAL ARTS","06","2015","true","02","082"
"0746","GEETANJALI UNIVERSITY","08","2015","true","03","130"
"0747","CHANDIGARH UNIVERSITY","03","2015","true","03","052"
"0748","VIVEKANANDA GLOBAL UNIVERSITY","08","2015","true","03","110"
"0752","POORNIMA UNIVERSITY","08","2015","true","03","110"
"0759","G S F C UNIVERSITY","24","2015","true","03","486"
"0338","CMJ University, Shillong","17","2015","true","03","298"
"0763","PARUL UNIVERSITY","24","2015","true","03","486"
"0745","THE INSTITUTE OF TRANS-DISCIPLINARY HEALTH SCIENCES AND TECHNOLOGY","29","2015","true","03","572"
"0008","Dr. N.T.R. University of Health Sciences, Vijaywada","28","2015","true","02","547"
"0034","Sri Padmavathi Mahila Visva Vidyalayam, Tirupathi","28","2015","true","02","554"
"0753","SHRI RAMSWAROOP MEMORIAL UNIVERSITY","09","2015","true","03","157"
"0046","North Eastern Regional Institute of Science & Technology, Papum Pare, Itanagar","12","2015","true","04","248"
"0070","Maulana Mazharul Haque Arabic & Persian University, Patna","10","2015","true","02","230"
"0081","Ayush and Health Science University of Chattisgarh, Raipur","22","2015","true","02","410"
"0530","Motilal Nehru National Institute of Technology, Allahabad","09","2015","true","07","175"
"0050","Assam University, Silchar","18","2015","true","01","316"
"0058","Babasaheb Bhimrao Ambedkar Bihar University, Muzaffarpur","10","2015","true","02","216"
"0085","Guru Ghasidas Vishwavidyalaya, Bilaspur","22","2015","true","01","406"
"0088","Indira Kala Sangit Vishwavidyalaya, Khairagarh","22","2015","true","02","408"
"0112","National Museum Institute of Hisotry of Art Conservation and Musicology","07","2015","true","04","094"
"0117","Shri Lal Bhadur Shashtri Rashtriya Sanskrit Vidyapith, New Delhi","07","2015","true","04","098"
"0127","Centre for Environmental Planning and Technology University, Ahmedabad","24","2015","true","02","474"
"0144","Navrachana University","24","2015","true","03","486"
"0200","Sher-e-Kashmir University of Agricultural Science & Technology of Kashmir, Srinagar","01","2015","true","02","010"
"0229","Karnataka State Women University, Bijapur","29","2015","true","02","557"
"0245","University  of Horticultural Sciences, Bagalkot","29","2015","true","02","556"
"0265","Shree Sankaracharya Univeristy of Sanskrit, Kalady","32","2015","true","02","595"
"0300","Dr. Balasaheb Sawant Konkan Krishi Vidyaapeeth,(former Konkan Krishi Vidyapeeth) Ratnagiri","27","2015","true","02","528"
"0315","Mahatma Phule Krishi Vidyapeeth, Rahuri","27","2015","true","02","522"
"0343","Institute of Chartered Financial Analysts of India University, Meghalaya","17","2015","true","03","293"
"0410","Malviya National Institute of Technology, Jaipur","08","2015","true","07","110"
"0449","Central University of Tamil Nadu, Tiruvarur","33","2015","true","01","619"
"0457","Indian Maritime University","33","2015","true","01","603"
"0450","Chennai Mathematical  Institue, Chennai","33","2015","true","06","603"
"0642","SHIV NADAR UNIVERSITY","09","2015","true","03","141"
"0661","SWAMI VIVEKANANDA UNIVERSITY","23","2015","true","03","427"
"0662","ORIENTAL UNIVERSITY","23","2015","true","03","439"
"0663","INDUS UNIVERSITY","24","2015","true","03","473"
"0664","INDIAN INSTITUTE OF TEACHER EDUCATION, GANDHINAGAR","24","2015","true","02","473"
"0665","TAMIL NADU FISHERIES UNIVERSITY","33","2015","true","02","618"
"0666","BABA MASTNATH UNIVERSITY","06","2015","true","03","082"
"0453","Gandhigram Rural Institute, Dindigul","33","2015","true","05","612"
"0491","Vels Institute of Science, Technology and Advanced Studies, Chennai","33","2015","true","06","604"
"0448","Bharathidasan University, Tiruchirappalli","33","2015","true","02","614"
"0451","Chettinad Academy of Research & Education, Kancheepuram","33","2015","true","06","604"
"0452","Dakshina Bharat Hindi Prachar Sabha","33","2015","true","07","603"
"0454","Hindustan Institute of Technology and Science, Kancheepuram","33","2015","true","06","604"
"0456","Indian Institute of Technology, Chennai","33","2015","true","07","603"
"0458","Kalasalingam Academy of Research and Higher Education, Srivilliputhrur","33","2015","true","06","625"
"0459","Karpagam Academy of Higher Education, Coimbatore","33","2015","true","06","632"
"0460","Karunya Institute of Technology and Sciences, Coimbatore","33","2015","true","06","632"
"0461","M.G.R. Educational and Research Institute, Chennai","33","2015","true","06","602"
"0462","Madras University, Chennai","33","2015","true","02","603"
"0463","Madurai Kamraj University, Madurai","33","2015","true","02","623"
"0465","Meenakshri Academy of Higher Education and Research, Chennai","33","2015","true","06","603"
"0466","Mother Teresa Women's University, Kodaikanal","33","2015","true","02","612"
"0467","National Institute of Technology, Tiruchirapalli","33","2015","true","07","614"
"0468","Noorul Islam Centre for Higher Education, Kanyakumari","33","2015","true","06","629"
"0469","Periyar Maniammal Institute of Science & Technoloyg, Thanjavur","33","2015","true","06","620"
"0470","Periyar University, Salem","33","2015","true","02","608"
"0471","Ponnaiyah Ramajayam Institute of Science & Technology, Thanjavur","33","2015","true","06","620"
"0473","S.R.M. Institute of Science & Technology, Chennai","33","2015","true","06","604"
"0474","Sathyabama Institute of Science & Technology, Chennai","33","2015","true","06","604"
"0477","Sri Chandrasekharendra Saraswathi Vishwa Mahavidyalaya, Kancheepuram","33","2015","true","06","604"
"0475","Saveetha University, Chennai","33","2015","true","06","602"
"0478","Sri Ramachandra Medical College and Research Institute, Chennai","33","2015","true","06","602"
"0480","Tamil Nadu Dr. Ambedkar Law University, Chennai","33","2015","true","02","603"
"0479","St. Peter's Institute of Higher Education and Research, Chennai","33","2015","true","06","602"
"0481","Tamil Nadu Dr. M.G.R. Medical University , Chennai","33","2015","true","02","603"
"0482","Tamil Nadu Open University, Chennai","33","2015","true","10","603"
"0483","Tamil Nadu Teacher Education University, Chennai","33","2015","true","02","603"
"0484","Tamil Univesity, Thanjavur","33","2015","true","02","620"
"0485","Tamilnadu Agricultural University, Coimbatore","33","2015","true","02","632"
"0486","Tamilnadu Physical Education and Sports University, Chennai","33","2015","true","02","604"
"0487","Tamilnadu Veterinary & Animal Sciences University, Chennai","33","2015","true","02","602"
"0488","Thiruvalluvar Univeristy, Vellore","33","2015","true","02","605"
"0490","Vellore Institute of Technology, Vellore","33","2015","true","06","605"
"0493","National Institute of Technology, Agartala","16","2015","true","07","289"
"0492","VINAYAKA MISSIONs RESEARCH FOUNDATION, SALEM","33","2015","true","06","608"
"0495","Tripura University, Agartala","16","2015","true","01","289"
"0496","Aligarh Muslim University, Aligarh","09","2015","true","01","143"
"0497","Amity University, Gautam Budh Nagar","09","2015","true","03","141"
"0498","Babasheb Bhimrao Ambedkar University, Lucknow","09","2015","true","01","157"
"0499","Babu Banarsi Das University, Lucknow","09","2015","true","03","157"
"0500","Banaras Hindu University, Banaras","09","2015","true","01","197"
"0503","Central Institute of Higher Tibetan Studies, Varanasi","09","2015","true","04","197"
"0507","Dayalbagh Educational Institute, Agra","09","2015","true","05","146"
"0513","G.L.A University, Mathura","09","2015","true","03","145"
"0515","IFTM University, Moradabad","09","2015","true","03","135"
"0517","Indian Institute of Technology, Kanpur","09","2015","true","07","164"
"0518","Indian Veterinary Research Institute, Izatnagar","09","2015","true","04","150"
"0519","Integral University, Lucknow","09","2015","true","03","157"
"0520","Invertis University, Bareily","09","2015","true","03","150"
"0528","Mangalayatan University, Aligarh","09","2015","true","03","143"
"0529","Mohammad Ali Jauhar University, Rampur","09","2015","true","03","136"
"0533","Noida International University","09","2015","true","03","141"
"0534","UP Pandit Deen Dayal Upadhyaya Veterinary University & Gau-Anusandhan Sansthan, Mathura","09","2015","true","02","145"
"0535","Rajiv Gandhi Institute of Petroleum Technology, Rae Bareli","09","2015","true","07","158"
"0536","Sam Higginbottom Institute of Agriculture, Technology & Sciences, Allahabad","09","2015","true","05","175"
"0538","Sanjay Gandhi Post Graduate Institute of Medical Sciences, Lucknow","09","2015","true","08","157"
"0539","Santosh University, Ghaziabad","09","2015","true","06","140"
"0541","Sharda University, Gautam Budh Nagar","09","2015","true","03","141"
"0543","Swami Vivekananda Subharti University, Meerut","09","2015","true","03","138"
"0544","Teerthanker Mahaveer University, Moradabad","09","2015","true","03","135"
"0546","U.P. Rajarshi Tandon Open University, Allahabad","09","2015","true","10","175"
"0548","University of Allahabad, Allahabad","09","2015","true","01","175"
"0553","Forest Research Institute, Dehradun","05","2015","true","04","060"
"0556","Gurukul Kangri Vishwavidyalaya, Haridwar","05","2015","true","05","068"
"0557","Hemwati Nandan Bahuguna Garhwal Univeristy, Srinagar, Garhwal","05","2015","true","01","061"
"0560","Indian Institute of Technology, Roorkee","05","2015","true","07","068"
"0572","Indian Institute of Science Education & Research (IISER), Kolkata,","19","2015","true","07","336"
"0573","Indian Institute of Technology, Kaharagpur","19","2015","true","07","344"
"0574","Indian Statistical Institute, Kolkata","19","2015","true","07","337"
"0577","National Institute of Technology, Durgapur","19","2015","true","07","335"
"0602","Rani Channamma University, Belagavi","29","2015","true","02","555"
"0026","Nizam Institute of Medical Sciences,  Hyderabad","36","2015","true","08","536"
"0645","GLOCAL UNIVERSITY","09","2015","true","03","132"
"0001","Dr Y S R Horticulture University","28","2015","true","02","546"
"0002","A.P. University of Law, Vishakhapatnam","28","2015","true","02","544"
"0003","Acharya Nagarjuna University, Guntur","28","2015","true","02","548"
"0006","Andhra University, Visakhapatnam","28","2015","true","02","544"
"0009","Dr.B.R.Ambedkar University, Etcherla","28","2015","true","02","542"
"0010","Dravidian University, Kuppam, Chittoor District","28","2015","true","02","554"
"0011","Gandhi Institute of Technology & Management (GITAM) University, Visakhapatnam","28","2015","true","06","544"
"0020","Koneru Lakshmaiah Education Foundation,Guntur","28","2015","true","06","548"
"0021","Krishna University, Machhlipattanam","28","2015","true","02","547"
"0030","Rastriya Sanskrit Vidyapeeth, Tirupathi","28","2015","true","04","554"
"0031","Rayalaseema, University Kurnool","28","2015","true","02","552"
"0033","Sri Krishnadevaraya University, Anantapur","28","2015","true","02","553"
"0035","Sri Satya Sai Institute of Higher Learning, Anantpur","28","2015","true","06","553"
"0036","Sri Venkateswara Institute of Medical Sciences, Tirupathi","28","2015","true","08","554"
"0037","Sri Venkateswara University, Tirupathy","28","2015","true","02","554"
"0038","Sri Venkateswara Vedic University, Tirpupathi","28","2015","true","02","554"
"0039","Sri Venkateswara Veterinary University, Tirupathi","28","2015","true","02","554"
"0043","Vignan's Foundation of Science, Technology & Research, Guntur","28","2015","true","06","548"
"0516","Indian Institute of Information Technology, Allahabad","09","2015","true","07","175"
"0047","Rajiv Gandhi University, Itanagar","12","2015","true","01","248"
"0056","Tezpur University, Tezpur","18","2015","true","01","306"
"0104","Indira Gandhi National Open University","07","2015","true","09","098"
"0108","Jamia Millia Islamia University","07","2015","true","01","094"
"0124","Maharaja Krishnakumarsinhji Bhavnagar University","24","2015","true","02","481"
"0158","Central University of Haryana, Mahendergarh","06","2015","true","01","084"
"0167","Maharshi Dayanand University, Rohtak","06","2015","true","02","082"
"0291","Vikram University, Ujjain","23","2015","true","02","435"
"0348","The Global Open University Nagaland, Dimapur","13","2015","true","03","265"
"0501","Bhatkhande Music Institute, Lucknow","09","2015","true","05","157"
"0502","Bundelkhand University,  Jhansi","09","2015","true","02","166"
"0504","Chandra Shekhar Azad University of Agriculture & Technology, Kanpur","09","2015","true","02","164"
"0505","Chatrapati Sahuji Maharaj Kanpur University, Kanpur","09","2015","true","02","164"
"0506","Choudhary Charan Singh University, Meerut","09","2015","true","02","138"
"0508","Deen Dayal Upadhyay Gorakhpur University, Gorakhpur","09","2015","true","02","188"
"0509","Dr. B. R. Ambedkar University, Agra","09","2015","true","02","146"
"0510","Dr. Ram Manohar Lohia  Awadh University, Faizabad","09","2015","true","02","177"
"0511","Dr. Ram Manohar Lohiya National Law University, Lucknow","09","2015","true","02","157"
"0514","Gautam Buddha University, Greater Noida, Gautam Budh Nagar","09","2015","true","02","141"
"0521","Jagadguru Rambhadracharya Handicapped University","09","2015","true","03","171"
"0524","Lucknow University, Lucknow","09","2015","true","02","157"
"0527","Mahatma Gandhi Kashi Vidyapeeth, Varanasi","09","2015","true","02","197"
"0531","Narendra Deo University of Agriculture & Technology, Faizabad","09","2015","true","02","177"
"0537","Sampurnanand Sanskrit Vishwavidyalaya,  Varanasi","09","2015","true","02","197"
"0540","Sardar Vallabh Bhai Patel University of Agriculture & Technology, Meerut","09","2015","true","02","138"
"0547","KHWAJA MOINUDDIN CHISHTI URDU ARABI FARSI UNIVERSITY","09","2015","true","02","157"
"0550","Veer Bahadur Singh Purvanchal University, Jaunpur","09","2015","true","02","194"
"0552","Doon University, Dehradun","05","2015","true","02","060"
"0554","G.B. Pant Universtiy of Agriculture and Technology, Pantnagar","05","2015","true","02","067"
"0559","Himgiri Zee University, Dehradun","05","2015","true","03","060"
"0561","Institute of Chatertered Financial Analysts of India, Dehradun","05","2015","true","03","060"
"0562","Kumaun University, Nainital","05","2015","true","02","066"
"0563","University of Patanjali, Patanjali Yogpeeth, Haridwar","05","2015","true","03","068"
"0565","Uttaranchal Sanskrit University, Hardwar","05","2015","true","02","068"
"0566","Uttrakhand Technical University, Dehradun","05","2015","true","02","060"
"0567","Aliah University, Kolkata","19","2015","true","02","342"
"0568","Bidhan Chandra Krishi Vishwavidyalaya , Nadia","19","2015","true","02","336"
"0569","Burdwan University, Burdwan","19","2015","true","02","335"
"0570","Calcutta University, Kolkata","19","2015","true","02","342"
"0575","Jadavpur University, Kolkata","19","2015","true","02","343"
"0576","Kalyani University, Kalyani","19","2015","true","02","336"
"0579","North Bengal University, Darjeeling","19","2015","true","02","327"
"0580","Presidency University","19","2015","true","02","342"
"0581","Rabindra Bharati University, Kolkata","19","2015","true","02","342"
"0630","KERALA UNIVERSITY OF HEALTH AND ALLIED SCIENCES","32","2015","true","02","594"
"0601","Azim Premji University, Bangalore","29","2015","true","03","583"
"0633","ITM UNIVERSITY","22","2015","true","03","410"
"0634","CHHATTISGARH KAMDHENU VISHWAVIDALAYA","22","2015","true","02","409"
"0635","ICFAI UNIVERSITY","22","2015","true","03","409"
"0636","BILASPUR VISHWAVIDYALAYA","22","2015","true","02","406"
"0639","UNIVERSITY OF SCIENCE AND TECHNOLOGY","17","2015","true","03","297"
"0640","RAFFLLES UNIVERSITY","08","2015","true","03","104"
"0641","MAHARASHI MARKENDESHWAR UNIVERSITY, SADOPUR-AMBALA","06","2015","true","03","070"
"0643","GALGOTIAS UNIVERSITY","09","2015","true","03","141"
"0644","MONAD UNIVERSITY","09","2015","true","03","140"
"0646","NIILM UNIVERSITY","06","2015","true","03","073"
"0647","R K University, Rajkot","24","2015","true","03","476"
"0648","ITM UNIVERSITY, GWALIOR","23","2015","true","03","421"
"0649","SRI SRI UNIVERSITY","21","2015","true","03","381"
"0650","AKS UNIVERSITY, SATNA","23","2015","true","03","429"
"0652","RKDF UNIVERSITY","23","2015","true","03","444"
"0653","GURU KASHI UNIVERSITY","03","2015","true","03","046"
"0113","National School of Drama, New Delhi","07","2015","true","04","095"
"0005","Adikavi Nannaya University, Rajahmundry, East Godawari","28","2015","true","02","545"
"0015","Jawaharlal Nehru Technological University, Kakinada","28","2015","true","02","545"
"0016","Jawaharlal Nehru Technological University, Anantapur","28","2015","true","02","553"
"0044","Vikram Simhapuri University, Nellore","28","2015","true","02","550"
"0045","Yogi Vemana University, Kadapa","28","2015","true","02","551"
"0048","Assam Agricultural University, Jorhat","18","2015","true","02","312"
"0051","Dibrugarh University, Dibrugarh","18","2015","true","02","310"
"0052","Gauhati University, Guwahati","18","2015","true","02","321"
"0053","Indian Institute of Technology, Guwahati","18","2015","true","07","321"
"0054","Krishna Kanta Hanidiqui State Open University, Guwahati","18","2015","true","10","321"
"0055","National Institute of Technology, Silchar","18","2015","true","07","316"
"0057","Aryabhatta Knoweledge University , Patna","10","2015","true","02","230"
"0059","Bhupendra Narayan Mandal University, Madhepura","10","2015","true","02","213"
"0060","Bihar Agriculture University, Sabour","10","2015","true","02","224"
"0063","Chankaya National Law University, Patna","10","2015","true","02","230"
"0064","Indian Institute of Technology, Patna","10","2015","true","07","230"
"0065","Indira Gandhi Institute of Medical Sciences, Patna","10","2015","true","08","230"
"0066","Jai Prakash Vishwavidyalaya, Chapra","10","2015","true","02","219"
"0067","Kameshwar Singh Darbhanga Sanskrit Vishwavidyalaya, Darbhanga","10","2015","true","02","215"
"0068","Lalit Narayan Mithila University, Darbhanga","10","2015","true","02","215"
"0069","Magadh University, Bodh Gaya","10","2015","true","02","236"
"0071","Nalanda Open University, Patna","10","2015","true","10","230"
"0072","National Institute of Technology, Patna","10","2015","true","07","230"
"0073","Nava Nalanda Mahavihara, Nalanda","10","2015","true","04","229"
"0074","Patna University, Patna","10","2015","true","02","230"
"0062","Central University of South Bihar, Patna","10","2015","true","01","230"
"0631","CENTRAL UNIVERSITY OF JAMMU","01","2015","true","01","022"
"0075","Rajendra Agricultural University, Samastipur","10","2015","true","02","221"
"0076","T.M. Bhagalpur University, Bhagalpur","10","2015","true","02","224"
"0077","Veer Kunwar Singh University, Arrah","10","2015","true","02","231"
"0082","Bastar Vishwavidyalaya, Bastar","22","2015","true","02","414"
"0083","Chhattisgarh Swami Vivekanand Technical University, Bhilai","22","2015","true","02","409"
"0084","Dr. C. V. Raman University, Kota Bilaspur","22","2015","true","03","406"
"0086","Hidayatullah National Law University, Raipur","22","2015","true","02","410"
"0087","Indira Gandhi Krishi Vishwavidyalaya, Raipur","22","2015","true","02","410"
"0089","Kushabhau Thakre Patrakarita Avam Jansanchar Vishwavidyalaya, Raipur","22","2015","true","02","410"
"0090","Maharishi University of Management and Technology,  Bilaspur","22","2015","true","03","406"
"0091","MATS University, Raipur","22","2015","true","03","410"
"0092","National Institute of Technology, Raipur","22","2015","true","07","410"
"0093","Pt. Ravishankar Shukla University, Raipur","22","2015","true","02","410"
"0094","Pt. Sundarlal Sharma (Open) University, Bilaspur","22","2015","true","10","406"
"0095","Sarguja University, Ambikapur","22","2015","true","02","401"
"0096","All India Institute of Medical Sciences","07","2015","true","07","098"
"0098","Delhi Technological University","07","2015","true","02","090"
"0099","Guru Gobind Singh Indraprastha University","07","2015","true","02","096"
"0102","Indian Institute of Foreign Trade, Delhi","07","2015","true","04","094"
"0106","Institute of Liver and Bilary Sciences, New Delhi","07","2015","true","04","098"
"0103","Indian Law Institute, Bhagwandas Road, New Delhi","07","2015","true","05","094"
"0107","Jamia Hamdard","07","2015","true","05","098"
"0109","Jawahar Lal Nehru University","07","2015","true","01","098"
"0110","National Institute of Fashion Technology, Hauz Khas","07","2015","true","19","098"
"0119","TERI School of Advanced Studies, New Delhi","07","2015","true","06","098"
"0115","Rashtriya Sanskrit Sansthan, New Delhi","07","2015","true","04","096"
"0120","University of Delhi","07","2015","true","01","091"
"0121","Goa University, Goa","30","2015","true","02","585"
"0122","Ahmedabad University","24","2015","true","03","474"
"0123","Anand Agricultural University, Anand","24","2015","true","02","482"
"0125","Carlox Teacher's University, Ahmedabad","24","2015","true","03","474"
"0126","Central Univeristy of Gujarat, Gandhinagar","24","2015","true","01","473"
"0129","Dharmsinh Desai univeristy, Nadiad","24","2015","true","02","483"
"0130","Dhirubhai Ambani Institute of Information & Communication Technology, Gandhi Nagar","24","2015","true","03","473"
"0131","Dr. Babasaheb Ambedkar Open University, Ahmedabad","24","2015","true","10","474"
"0133","Gujarat Ayurveda University, Jamnagar","24","2015","true","02","477"
"0134","Gujarat National Law University, Gandhinagar","24","2015","true","02","473"
"0135","Gujarat Technological University, Ahmedbabd","24","2015","true","02","474"
"0136","Gujarat University, Ahmedabad","24","2015","true","02","474"
"0137","Gujarat Vidyapith, Ahmedabad","24","2015","true","05","474"
"0138","Hemchandracharya North Gujart University, Patan","24","2015","true","02","470"
"0139","Indian Institute of Technology, Gandhinagar","24","2015","true","07","474"
"0140","Junagadh Agricultural University","24","2015","true","02","479"
"0141","Kadi Sarva Vishwavidyalaya, Gandihnagar","24","2015","true","03","473"
"0170","National Brain Research Centre, Gurgaon","06","2015","true","04","086"
"0171","National Dairy  Research Institute, Karnal","06","2015","true","04","074"
"0178","Central University of Himachal Pradesh, Dharmshala, Kangra","02","2015","true","01","024"
"0193","Central University of Kashmir, Srinagar","01","2015","true","01","010"
"0204","Central University of Jharkhand, Ranchi","20","2015","true","01","364"
"0205","Indian School of Mines, Dhanbad","20","2015","true","04","354"
"0216","Central University of Karnataka, Gulbarga","29","2015","true","01","579"
"0220","Indian Institute of Science, Bangalore","29","2015","true","04","572"
"0224","Jawaharlal Nehru Centre for Advanced Scientific Research, Banaglore","29","2015","true","04","572"
"0202","Birla Institute of Technology, Ranchi","20","2015","true","06","364"
"0100","Indian Institute of Technology, Delhi","07","2015","true","07","098"
"0143","Maharaja Sayajirao University of Baroda, Vadodara","24","2015","true","02","486"
"0145","Navsari Agricultural University","24","2015","true","02","490"
"0147","Pandit Deendayal Petroleum University,  Gandhi Nagar","24","2015","true","03","473"
"0148","Sardar Patel University, Vallabh Vidyanagar","24","2015","true","02","482"
"0149","Sardar Vallabhbhai National Institute of Technology, Surat","24","2015","true","07","492"
"0150","Sardarkrushinagar Dantiwada Agricultural University, Banaskantha","24","2015","true","02","469"
"0151","Saurashtra University, Rajkot","24","2015","true","02","476"
"0152","Shree Somnath Sanskrit University, Junagarh","24","2015","true","02","479"
"0155","Amity University Haryana, Gurgaon","06","2015","true","03","086"
"0156","Apeejay  Stya University, Sohna","06","2015","true","03","086"
"0159","Chaudhary Charan Singh Haryana Agricultural University, Hisar","06","2015","true","02","080"
"0160","Ch. Devi Lal University, Sirsa","06","2015","true","02","079"
"0161","Deenbandhu Chhotu Ram University of Science & Technology, Murthal(Sonepat)","06","2015","true","02","076"
"0162","Guru  Jambheshwar University of Science and Technology, Hissar","06","2015","true","02","080"
"0164","Kurukshetra University, Kurukshetra","06","2015","true","02","072"
"0165","Lala lajpat Rai University of Veterinary and Animal Sciences","06","2015","true","02","080"
"0166","Lingaya's University, Faridabad","06","2015","true","06","088"
"0168","Maharishi Markandeshwar University, Mullana-Ambala","06","2015","true","06","070"
"0169","Manav Rachna International University, Faridabad","06","2015","true","06","088"
"0172","National Institute of Technology, Kurukshetra","06","2015","true","07","072"
"0173","O. P. Jindal Global University, Sonipat","06","2015","true","03","076"
"0175","YMCA University of Science & Technology","06","2015","true","02","088"
"0176","Arni University, Katgarh (Indora), Kangra","02","2015","true","03","024"
"0179","Chaudhary Sarwan Kumar Himachal Pardesh Krishi Vishvavidyalaya, Palampur","02","2015","true","02","024"
"0180","Chitkara University, Kalu Jhanda (Barotiwala), Solan","02","2015","true","03","031"
"0182","Eternal University, Baru Sahib Sirmour","02","2015","true","03","032"
"0183","Himachal Pradesh University , Shimla","02","2015","true","02","033"
"0184","Indian Institute of Technology, Mandi","02","2015","true","07","027"
"0185","Indus International University, Bathu, Una","02","2015","true","03","029"
"0186","Jaypee University of Information Technology, Waknaghat, Solan","02","2015","true","03","031"
"0187","Maharashi Markandeshwar University, Solan","02","2015","true","03","031"
"0188","Manav Bharti University, Sultanpur, Solan","02","2015","true","03","031"
"0189","National Institute of Technology, Hamirpur","02","2015","true","07","028"
"0191","Baba Ghulam Shah Badshah University,  Jammu","01","2015","true","02","006"
"0194","Islamic University of Science & Technology, Pulwama","01","2015","true","02","012"
"0197","National Institute of Technology, Srinagar","01","2015","true","07","010"
"0198","Sher-e-Kashmir Institute of Medical Sciences, Srinagar","01","2015","true","08","010"
"0199","Sher-e-Kashmir University of Agricultural Science & Technology of Jammu, Jammu","01","2015","true","02","021"
"0201","Shri Mata Vaishno Devi University, Jammu","01","2015","true","02","020"
"0203","Birsa Agricultural University, Ranchi","20","2015","true","02","364"
"0206","Kolhan University,  West Singhbhum","20","2015","true","02","368"
"0207","National Institute of Technology, Jamshedpur","20","2015","true","07","369"
"0208","Nilamber-Pitamber University, Palamu","20","2015","true","02","358"
"0209","Ranchi University, Ranchi","20","2015","true","02","364"
"0210","Sido Kanhu Murmu University, Dumka","20","2015","true","02","362"
"0212","Vinoba Bhave University, Hazaribagh","20","2015","true","02","360"
"0213","Alliance University. Bangalore","29","2015","true","03","572"
"0214","B.L.D.E. University,  Bijapur","29","2015","true","06","557"
"0215","Bangalore University, Bangalore","29","2015","true","02","572"
"0217","Christ University, Bangalore","29","2015","true","06","572"
"0218","Davangere University, Davangere","29","2015","true","02","567"
"0219","Gulbarga University, Gulbarga","29","2015","true","02","579"
"0222","Jagadguru Sri Shivarathreeswara University, Mysore","29","2015","true","06","577"
"0223","Jain university,Bangalore","29","2015","true","06","584"
"0225","K.L.E. Academy of Higher Education and Research, Belgaum","29","2015","true","06","555"
"0226","Kannada University, Hampi, Kamalapura","29","2015","true","02","565"
"0227","Karnataka State Law University, Hubli","29","2015","true","02","562"
"0234","Manipal Academy of Higher Education, Manipal","29","2015","true","06","569"
"0239","NITTE Unversity, Mangalore","29","2015","true","06","575"
"0242","Sri Siddharatha Acedemy of Higher Education","29","2015","true","06","571"
"0243","Swami Vivekananda Yoga Anusandhana Samsthan, Bangalore","29","2015","true","06","583"
"0250","Yenepoya University, Mangalore","29","2015","true","06","575"
"0255","Indian Institute of Space Science and Technology, Thiruvananthapuram","32","2015","true","04","601"
"0258","Kerala Kalamandalam, Thrissur","32","2015","true","04","594"
"0271","Dr. Harisingh Gaur  Vishwavidyalaya, Sagar","23","2015","true","01","427"
"0277","Lakshmibai National Institute of Physical Education, Gwalior","23","2015","true","04","421"
"0292","Bharati Vidyapeeth, Pune","27","2015","true","06","521"
"0293","Central Institute of Fisheries Education, Fishries University, Mumbai","27","2015","true","04","519"
"0154","Sumandeep Vidyapeeth, Vadodara","24","2015","true","06","486"
"0294","D.Y. Patil Educational Society , Kolhapur","27","2015","true","06","530"
"0295","Datta Meghe Institute of Medical Sciences, Nagpur","27","2015","true","06","505"
"0297","Defence Institute of Advanced Technology, Girinagar, Pune","27","2015","true","04","521"
"0304","Homi Bhabha Natioanal Institute Knowledge Management Group, Mumbai","27","2015","true","04","519"
"0307","Indira Gandhi Institute of Development Research, Mumbai","27","2015","true","04","519"
"0308","Institute of Chemical Technology, Mumbai","27","2015","true","04","519"
"0309","International Institute for Population Sciences, Mumbai","27","2015","true","04","519"
"0331","Tata Institute of Social Sciences, Mumbai","27","2015","true","05","519"
"0342","Techno Global University, Shillong","17","2015","true","03","298"
"0195","University of Jammu, Jammu Tawi","01","2015","true","02","021"
"0196","University of Kashmir, Srinagar","01","2015","true","02","010"
"0228","Karnataka State Open University, Mysore","29","2015","true","10","577"
"0230","Karnataka University, Dharwad","29","2015","true","02","562"
"0231","Karnataka Vetrinary, Animal & Fisheries Science University, Nandinagar","29","2015","true","02","558"
"0232","Kuvempu University, Shankaraghatta, Shimoga","29","2015","true","02","568"
"0233","Mangalore University, Mangalore","29","2015","true","02","575"
"0235","Mysore University, Mysore","29","2015","true","02","577"
"0237","National Institute of Technology, Karnataka","29","2015","true","07","575"
"0240","Rajiv Gandhi University of Health Sciences, Bangalore","29","2015","true","02","572"
"0244","Tumkur University, Tumkur","29","2015","true","02","571"
"0246","University  of Agricultural Sciences, Dharwad","29","2015","true","02","562"
"0247","University  of Agricultural Sciences, Raichur","29","2015","true","02","559"
"0248","University of Agricultural Sciences, Bangalore","29","2015","true","02","572"
"0249","Vesveswaraiah Technological University, Belgaum","29","2015","true","02","555"
"0251","Calicut University, Thenhipalem, Malapuram","32","2015","true","02","592"
"0253","Cochin University of Science & Technology, Kochi","32","2015","true","02","595"
"0256","Kannur University, Kannur","32","2015","true","02","589"
"0257","Kerala Agricultural University, Thrissur","32","2015","true","02","594"
"0260","Kerala University, Thiruvananthapuram","32","2015","true","02","601"
"0261","Kerala Veterinary & Animal Science University, Wayanad","32","2015","true","02","590"
"0262","Mahatma Gandhi University, Kottayam","32","2015","true","02","597"
"0263","National Institute of Technology, Calicut","32","2015","true","07","591"
"0264","National University of Advanced Legal Studies, Kochi","32","2015","true","02","595"
"0266","Sree Chitra Tirunal Institute for Medical Sciences and Technology, Thiruvananthapuram","32","2015","true","07","601"
"0268","Awadesh Pratap Singh University, Rewa","23","2015","true","02","430"
"0269","Barkatullah University, Bhopal","23","2015","true","02","444"
"0270","Devi Ahilya Vishwavidyalaya, Indore","23","2015","true","02","439"
"0272","Indian Institute of Science Education & Research (IISER), Bhopal","23","2015","true","07","444"
"0273","Indian Institute of Technology, Indore","23","2015","true","07","439"
"0274","Jawaharlal Nehru Krishi Vishwavidyalaya, Jabalpur","23","2015","true","02","451"
"0275","Jaypee University of Engeenering & Technology, Guna","23","2015","true","03","458"
"0276","Jiwaji University, Gwalior","23","2015","true","02","421"
"0278","M.P. Bhoj (Open) University, Bhopal","23","2015","true","10","444"
"0280","Maharishi  Mahesh Yogi Vedic Vishwavidyalaya, Jabalpur","23","2015","true","02","451"
"0281","Maharishi Panini Sanskrit Vishwavidyalaya, Ujjain","23","2015","true","02","435"
"0284","Maulana Azad National Institute of Technology, Bhopal","23","2015","true","07","444"
"0285","National Law Institute University, Bhopal","23","2015","true","02","444"
"0287","Rajiv Gandhi Prodoyogiki Vishwavidyalaya, Bhopal","23","2015","true","02","444"
"0288","Rajmata Vijayaraje Scindia Krishi Vishwa Vidyalaya, Gwalior","23","2015","true","02","421"
"0289","Rani Durgavati Vishwavidyalaya, Jabalpur","23","2015","true","02","451"
"0296","Deccan College Postgraduate & Research Institute, Pune","27","2015","true","06","521"
"0298","Dr. Babasaheb Ambedkar Marathwada University, Aurangabad","27","2015","true","02","515"
"0299","Dr. Babasaheb Ambedkar Technological University, Lonere","27","2015","true","02","520"
"0301","Dr. D.Y.Patil Vidyapeeth, Pune","27","2015","true","06","521"
"0302","Dr. Punjarao Deshmukh Krishi Vidyapeeth, Akola","27","2015","true","02","501"
"0303","Gokhale Institute of Politics & Economics, Pune","27","2015","true","05","521"
"0306","Indian Institute of Technology, Mumbai","27","2015","true","07","519"
"0310","Kavi Kulguru Kalidas Sanskrit Vishwavidyalaya, Ramtek","27","2015","true","02","505"
"0312","Maharashtra Animal & Fishery Sciences University, Nagpur","27","2015","true","02","505"
"0317","MGM Institute of Health Sciences, Navi  Mumbai","27","2015","true","06","520"
"0319","Narsee Monjee Institute of Management Studies, Mumbai","27","2015","true","06","519"
"0321","Padmashree Dr. D. Y. Patil Vidyapeeth, , Mumbai","27","2015","true","06","517"
"0322","Pravara Institute of Medical Sciences, Ahmednagar","27","2015","true","06","522"
"0329","SYMBIOSIS International University, Pune","27","2015","true","06","521"
"0330","Tata Institute of Fundamental Research, Mumbai","27","2015","true","04","519"
"0334","Visvesvaraya National Institute of Technology, Nagpur","27","2015","true","07","505"
"0335","Yashwant Rao Chavan Maharashtra Open University","27","2015","true","10","516"
"0336","Central Agricultural University, Imphal","14","2015","true","01","277"
"0337","Manipur University, Imphal","14","2015","true","01","277"
"0340","Martin Luther Christian University, Shillong","17","2015","true","03","298"
"0341","North Eastern Hill University, Shillong","17","2015","true","01","298"
"0345","Mizoram University, Aizwal","15","2015","true","01","283"
"0349","The Institute of Chartered Financial Analysts of India University, Dimapur","13","2015","true","03","265"
"0352","Central University of Orissa, Koraput","21","2015","true","01","398"
"0355","Indian Institute of Technology, Bhubaneshwar","21","2015","true","07","386"
"0356","Kalinga Institute of Industrial Technology, Bhubaneswar","21","2015","true","06","386"
"0357","National Institute of Technology, Rourkela","21","2015","true","07","374"
"0358","National Law University, Cuttuck","21","2015","true","02","381"
"0368","Jawaharlal Institute of Post Graduate Medical Education & Research, Puducherry","34","2015","true","07","635"
"0369","Pondicherry Univeristy, Puducherry","34","2015","true","01","635"
"0370","Sri Balajai Vidyapeeth Mahatma Gandhi Medical College, Puducherry","34","2015","true","06","635"
"0372","Central University of Punjab, Bathhinda","03","2015","true","01","046"
"0363","Siksha 'O' Anusandhan University","21","2015","true","06","386"
"0377","Indian Institute of Science Education & Research (IISER), Mohali","03","2015","true","07","052"
"0378","Indian Institute of Technology, Ropar","03","2015","true","07","051"
"0380","National Institute of Pharmaceutical, Educational and Research, Mohali","03","2015","true","07","052"
"0333","Tilak Maharashtra Vidyapeeth, Pune","27","2015","true","06","521"
"0323","Savitribai Phule Pune University","27","2015","true","02","521"
"0416","Pacific Academy of Higher Education Research University, Udaipur","08","2015","true","03","130"
"0425","Singhania University, Jhunjhunu","08","2015","true","03","103"
"0290","Indira Gandhi National Tribal University, Amarkantak","23","2015","true","01","461"
"0314","Mahatama Gandhi Antarrashtriya Hindi Vishwavidyalaya, Wardha","27","2015","true","01","504"
"0316","Marathwada Agricultural University, Parbhani","27","2015","true","02","513"
"0318","Mumbai University Mumbai","27","2015","true","02","519"
"0320","North Maharashtra University, Jalgaon","27","2015","true","02","499"
"0324","Sant Gadge Baba Amravati University, Amravati","27","2015","true","02","503"
"0325","Shivaji University, Kolhapur","27","2015","true","02","530"
"0326","Smt. Nathibai Damodar Thackersey Women's Univeristy, Mumbai","27","2015","true","02","519"
"0327","Solapur University, Solapur","27","2015","true","02","526"
"0328","Swami Ramanand Teerth Marathwada University, Nanded","27","2015","true","02","511"
"0346","Institute of Chartered Financial Analysts of India University, Aizawl","15","2015","true","03","283"
"0347","Nagaland University","13","2015","true","01","263"
"0350","Berhampur University, Berhampur","21","2015","true","02","388"
"0351","Biju Patnaik University of Technology, Rourkela","21","2015","true","02","374"
"0353","Centurion University of Technology and Management","21","2015","true","03","389"
"0354","Fakir Mohan University, Balasore","21","2015","true","02","377"
"0361","Ravenshaw University, Cuttak","21","2015","true","02","381"
"0362","Sambalpur University, Sambalpur","21","2015","true","02","372"
"0364","Shri Jagannath Sanskrit Vishwavidyalaya, Puri","21","2015","true","02","387"
"0365","Utkal University of Culture, Bhubaneswar","21","2015","true","02","386"
"0366","Utkal University, Bhubaneswar","21","2015","true","02","386"
"0371","Baba Farid University of Health & Medical Sciences, Faridkot","03","2015","true","02","045"
"0373","Chitkara University, Patiala","03","2015","true","03","048"
"0374","Dr. B. R. Ambedkar National Institute of Technology, Jalandhar","03","2015","true","07","037"
"0375","Guru Angad Dev Veterinary & Animal Sciences University, Ludhiana","03","2015","true","02","041"
"0376","Guru Nanak Dev University, Amritsar","03","2015","true","02","049"
"0379","Lovely Professional University, Jullunder","03","2015","true","03","036"
"0381","Punjab Agricultural University, Ludhiana","03","2015","true","02","041"
"0383","Punjabi University, Patiala","03","2015","true","02","048"
"0384","Sant Longowal Institute of Engg. & Tech., Longowal","03","2015","true","04","053"
"0385","Thapar Institute of Engineering and Technology, Patiala","03","2015","true","06","048"
"0386","The Rajiv Gandhi National  University of Law, Patiala","03","2015","true","02","048"
"0387","Kota University, Kota","08","2015","true","02","127"
"0388","Amity University, Jaipur,","08","2015","true","03","110"
"0390","Bhagwant University,  Ajmer","08","2015","true","03","119"
"0392","Central University of Rajasthan, Jaipur","08","2015","true","01","119"
"0393","Dr K N Modi University, Tonk","08","2015","true","03","120"
"0394","I.I.S. University, Jaipur","08","2015","true","06","110"
"0698","MADHAV UNIVERSITY","08","2015","true","03","117"
"0395","Indian Institute of Technology, Jodhpur","08","2015","true","07","113"
"0396","Institute of Advanced Studies in Education, Churu","08","2015","true","06","102"
"0398","Jagannath University, Jaipur","08","2015","true","03","110"
"0399","Jai Narain Vyas University, Jodhpur","08","2015","true","02","113"
"0402","Janardan Rai Nagar Rajasthan Vidyapeeth,  Udaipur","08","2015","true","06","123"
"0403","Jodhpur National University, Jodhpur","08","2015","true","03","113"
"0404","Jyoti Vidyapeeth Women's University, Jaipur","08","2015","true","03","110"
"0405","LNM Institute of Information Technology, Jaipur","08","2015","true","06","110"
"0406","Maharaja Ganga Singh University, Bikaner","08","2015","true","02","101"
"0407","Maharana Pratap University of Agriculture & Technology, Udaipur","08","2015","true","02","130"
"0408","Maharishi Dayanand Saraswati University, Ajmer","08","2015","true","02","119"
"0409","Mahatma Jyoti Rao Phoole University, Jaipur","08","2015","true","03","110"
"0411","Mewar University, Chittorgarh","08","2015","true","03","126"
"0412","Mody Institute of Technology & Science, Sikar","08","2015","true","06","111"
"0413","Mohan Lal Sukhadia University, Uaipur","08","2015","true","02","130"
"0414","National Law University, Jodhpur","08","2015","true","02","113"
"0415","NIMS University, Jaipur","08","2015","true","03","110"
"0417","Rajasthan Agricultural University, Bikaner","08","2015","true","02","101"
"0756","UNIVERSITY OF ENGINEERING AND MANAGEMENT","08","2015","true","03","110"
"0419","Rajasthan Technical University, Kota","08","2015","true","02","127"
"0420","Rajasthan University of Health Sciences, Jaipur","08","2015","true","02","110"
"0421","Rajasthan University of Veterinary and Animal Sciences, Bikaner","08","2015","true","02","101"
"0422","Rajasthan University, Jaipur","08","2015","true","02","110"
"0424","Shridhar University,  Pilani","08","2015","true","03","103"
"0427","Suresh Gyan Vihar Univeristy, Jaipur","08","2015","true","03","110"
"0428","Vardhman Mahaveer Open University, Kota","08","2015","true","10","127"
"0429","Eastern Institute for Integrated Learning in Management University, Jorethang","11","2015","true","03","243"
"0430","Sikkim  University, Gangtok","11","2015","true","01","244"
"0432","The Institute of Chartered Financial Analysts of India University, Sikkim","11","2015","true","03","244"
"0433","Vinayaka Missions Sikkim University, Tadong","11","2015","true","03","244"
"0434","Academy of Maritime Education and Training, Chennai","33","2015","true","06","604"
"0435","Alagappa University, Alagappa Nagar, Karaikudi","33","2015","true","02","622"
"0436","Amrita Vishwa Vidyapeetham, Coimbatore","33","2015","true","06","632"
"0439","Anna University, Chennai","33","2015","true","02","603"
"0443","Annamalai University, Annamalainagar","33","2015","true","02","617"
"0617","National Institute of Technology Mizoram","15","2015","true","07","283"
"0594","Children University, Gandhinagar","24","2015","true","02","473"
"0660","GURU RAVIDAS AYURVED UNIVERSITY","03","2015","true","02","038"
"0672","ASSAM RAJIV GANDHI UNIVERSITY OF COOPERATIVE MANAGEMENT","18","2015","true","02","311"
"0674","BODOLAND UNIVERSITY","18","2015","true","02","300"
"0675","COTTON COLLEGE STATE UNIVERSITY","18","2015","true","02","322"
"0676","KUMAR BHASKAR VARMA SANSKRIT AND ANCIENT STUDIES UNIVERSITY","18","2015","true","02","323"
"0680","TAMIL NADU NATIONAL LAW SCHOOL","33","2015","true","02","614"
"0681","UTTARAKHAND AYURVED UNIVERSITY","05","2015","true","02","060"
"0684","DESH BHAGAT UNIVERSITY","03","2015","true","03","040"
"0078","Panjab University,Chandigarh","04","2015","true","02","055"
"0079","Post Graduate Institute of Medical Sciences","04","2015","true","07","055"
"0080","PEC University of Technology, Chandigarh","04","2015","true","04","055"
"0111","National Law University, Delhi","07","2015","true","02","097"
"0114","National University of Education, Planning & Administration, New Delhi","07","2015","true","04","098"
"0146","Nirma University, Ahmedabad","24","2015","true","03","474"
"0236","National Institute of Mental Health & Neuro Sciences, Bangalore","29","2015","true","04","572"
"0259","Kerala University of Fisheries & Ocean Studies, Kochi","32","2015","true","02","595"
"0283","Makhanlal Chaturvedi National University of Journalism and Communication, Bhopal","23","2015","true","02","444"
"0311","Krishna Institute of Medical Sciences Deemed University, Karad","27","2015","true","06","527"
"0359","North Orissa University, Mayurbhanj","21","2015","true","02","376"
"0389","Banasthali Vidyapith","08","2015","true","06","120"
"0426","Sir Padampat Singhania University, Udaipur","08","2015","true","03","130"
"0444","Avinashilingam Institute for Home Science & Higher Education for Women, Coimbatore","33","2015","true","05","632"
"0445","B.S. Abdur Rahman Institute of Science & Technology","33","2015","true","06","604"
"0447","Bharathiar University, Coimbatore","33","2015","true","02","632"
"0464","Manonmaniam Sundaranar University, Tirunelveli","33","2015","true","02","628"
"0489","Vel Tech Rangarajan Dr. Sagunthala R & D Institute of Science & Technology, Chennai","33","2015","true","06","602"
"0512","UTTAR PRADESH VIKLANG UDDHAR DR SHAKUNTALA MISRA UNIVERSITY","09","2015","true","02","157"
"0523","KING GEORGE MEDICAL UNIVERSITY","09","2015","true","02","157"
"0555","Graphic Era University, Dehradun","05","2015","true","06","060"
"0571","University of Gour Banga, Malda","19","2015","true","02","332"
"0578","Netaji Subhash Open University, Kolkata","19","2015","true","10","342"
"0583","Sidho-Kanho Birsa University","19","2015","true","02","340"
"0585","The West Bengal National University of Juridicial Sciences, Kolkata","19","2015","true","02","342"
"0586","The West Bengal University of Health Sciences, Kolkata","19","2015","true","02","337"
"0587","Uttar Banga Krishi Vishwavidyalaya, Cooch Behar","19","2015","true","02","329"
"0588","Vidya Sagar University, Midnapore","19","2015","true","02","344"
"0589","Visva Bharati, Shantiniketan","19","2015","true","01","334"
"0591","West Bengal University of Animal and Fishery Sciences, Kolkata","19","2015","true","02","342"
"0593","Gujarat Forensic Sciences University","24","2015","true","02","473"
"0595","Rakshashakti University, Gujarat","24","2015","true","02","474"
"0597","Bahra University, Solan","02","2015","true","03","031"
"0598","Himachal Pradesh Technical University, Hamirpur","02","2015","true","02","028"
"0599","Sri Sai University, Palampur","02","2015","true","03","024"
"0603","Vijayanagara Sri Krishnadevaraya University, Bellary","29","2015","true","02","565"
"0604","Amity University, Gwalior","23","2015","true","03","421"
"0605","University of Technology & Management, Shillong","17","2015","true","03","298"
"0606","Sri Guru Granth Sahib World University, Fatehgarh Sahib","03","2015","true","03","040"
"0607","Homoeopathy University, Jaipur","08","2015","true","03","110"
"0611","Sri Venkateshwara University, Gajraula, J.P Nagar","09","2015","true","03","137"
"0613","National Institute of Technology Manipur","14","2015","true","07","277"
"0614","National Institute of Technology Sikkim","11","2015","true","07","243"
"0615","National Institute of Technology Arunachal Pradesh","12","2015","true","07","248"
"0618","National Institute of Technology Nagaland","13","2015","true","07","265"
"0619","National Institute of Technology Meghalaya","17","2015","true","07","298"
"0620","National Institute of Technology Goa","30","2015","true","07","585"
"0621","National Institute of Technology Puducherry","34","2015","true","07","637"
"0622","National Institute of Technology Delhi","07","2015","true","07","096"
"0623","Uttarakhand Open University","05","2015","true","10","066"
"0624","Karnataka State Dr. Gangubai Hangal Music And Performing Arts University","29","2015","true","02","577"
"0625","Karnataka Sanskrit University","29","2015","true","02","572"
"0628","William Carey University, Shillong","17","2015","true","03","298"
"0629","Raja Mansingh  Tomar Music & Arts University, Gwalior","23","2015","true","02","421"
"0638","GRAPHIC ERA HILL UNIVERSITY","05","2015","true","03","060"
"0655","PEOPLES UNIVERSITY","23","2015","true","03","444"
"0656","AISECT UNIVERSITY","23","2015","true","03","446"
"0657","JK LAKSHMIPAT UNIVERSITY","08","2015","true","03","110"
"0658","GONDWANA UNIVERSITY, GADCHIROLI","27","2015","true","02","508"
"0667","Ansal University","06","2015","true","03","086"
"0668","UKA TARSADIA UNIVERSITY","24","2015","true","03","492"
"0669","SRIMANTA SANKARADEVA UNIVERSITY OF HEALTH SCIENCES, GUWAHATI","18","2015","true","02","322"
"0670","SWARNIM GUJARAT SPORTS UNIVERSITY","24","2015","true","02","473"
"0671","MAHARAJA AGRASEN UNIVERSITY","02","2015","true","03","031"
"0673","ASSAM SCIENCE AND TECHNOLOGY UNIVERSITY","18","2015","true","02","322"
"0677","NATIONAL LAW UNIVERSITY AND JUDICIAL ACADEMY","18","2015","true","02","322"
"0678","HARIDEV JOSHI UNIVERSITY OF JOURNALISM AND MASS COMMUNICATION","08","2015","true","02","110"
"0682","KAZIRANGA UNIVERSITY","18","2015","true","03","312"
"0683","ASSAM DOWN TOWN UNIVERSITY","18","2015","true","03","322"
"0715","XAVIER UNIVERSITY, BHUBANESWAR","21","2015","true","03","387"
"0711","KALINGA UNIVERSITY, RAIPUR","22","2015","true","03","410"
"0279","Nanaji Deshmukh Pashu Chikitsa Vigyan Vishwavidalaya, Jabalpur","23","2015","true","02","451"
"0714","ITM VOCATIONAL UNIVERSITY, VADODARA","24","2015","true","03","486"
"0017","Jawaharlal Nehru Technological University, Hyderabad","36","2015","true","02","536"
"0717","SRI DEV SUMAN UTTARAKHAND UNIVERSITY, BADSHAHITHOL, TEHRI","05","2015","true","02","059"
"0687","ALL INDIA INSTITUTE OF MEDICAL SCIENCES, BHOPAL","23","2015","true","07","444"
"0689","ALL INDIA INSTITUTE OF MEDICAL SCIENCES, JODHPUR","08","2015","true","07","113"
"0690","ALL INDIA INSTITUTE OF MEDICAL SCIENCES, RAIPUR","22","2015","true","07","410"
"0691","ALL INDIA INSTITUTE OF MEDICAL SCIENCES, RISHIKESH","05","2015","true","07","060"
"0703","AGRICULTURE UNIVERSITY, JODHPUR","08","2015","true","02","113"
"0704","AGRICULTURE UNIVERSITY, KOTA","08","2015","true","02","127"
"0705","SKN AGRICULTURE UNIVERSITY, JOBNER","08","2015","true","02","110"
"0709","TANTIA UNIVERSITY, SRI GANGANAGAR","08","2015","true","03","099"
"0710","NALANDA UNIVERSITY","10","2015","true","01","229"
"0712","APEX PROFESSIONAL UNIVERSITY","12","2015","true","03","251"
"0716","THUNCHATH EZHUTHACHAN MALAYALAM UNIVERSITY, TIRUR","32","2015","true","02","592"
"0718","KAZI NAZRUL UNIVERSITY, ASANSOL","19","2015","true","02","335"
"0719","HIMALAYAN UNIVERSITY, ITANAGAR","12","2015","true","03","248"
"0720","G.D. GOENKA UNIVERSITY","06","2015","true","03","086"
"0721","JAGAN NATH UNIVERSITY, JHAJJAR","06","2015","true","03","083"
"0722","SRM UNIVERSITY, SONEPAT","06","2015","true","03","076"
"0723","CMR UNIVERSITY, BANGALORE","29","2015","true","03","572"
"0725","REVA UNIVERSITY, BANGALORE","29","2015","true","03","572"
"0726","RAI TECHNOLOGY UNIVERSITY, BANGALORE","29","2015","true","03","572"
"0728","SRI SATYA SAI UNIVERSITY OF TECHNOLOGY & MEDICAL SCIENCES, SEHORE","23","2015","true","03","445"
"0729","TECHNO GLOBAL UNIVERSITY, SIRONG","23","2015","true","03","443"
"0730","OPJS UNIVERSITY, CHURU","08","2015","true","03","102"
"0731","SHOBHIT UNIVERSITY, GANGOH","09","2015","true","03","132"
"0004","Acharya NG Ranga Agricultural University, Hyderabad","36","2015","true","02","537"
"0007","Dr. B. R. Ambedkar Open University, Hyderabad","36","2015","true","10","536"
"0012","ICFAI Foundation for Higher Education, Hyderabad","36","2015","true","06","536"
"0013","Indian Institute of Technology, Hyderabad","36","2015","true","07","535"
"0014","International Institute of Information Technology, Hyderabad","36","2015","true","06","537"
"0018","Jawarharlal Nehru Architecture and Fine Art University Hyderabad","36","2015","true","02","537"
"0019","Kakatiya University, Warangal","36","2015","true","02","540"
"0022","Mahatma Gandhi University, Nalgonda","36","2015","true","02","539"
"0023","Maulana Azad National Urdu University, Hyderabad","36","2015","true","01","537"
"0024","National Academy of Legal Studies & Research (NALSR) University Hyderabad","36","2015","true","02","537"
"0025","National Institute of Technology, Warangal","36","2015","true","07","540"
"0027","Osmania University, Hyderabad","36","2015","true","02","536"
"0028","Palamuru University,  Mahabubnagar","36","2015","true","02","538"
"0029","Potti Sri Ramulu Telugu University, Hyderabad","36","2015","true","02","536"
"0032","Satavahana University, Karimnagar","36","2015","true","02","534"
"0040","Telangana University, Nizamabad","36","2015","true","02","533"
"0041","The English and Foreign Languages University, Hyderabad","36","2015","true","01","536"
"0042","University of Hyderabad, Hyderabad","36","2015","true","01","537"
"0049","Assam Don Bosco University, Guwahati","18","2015","true","03","321"
"0472","Rajiv Gandhi National Instiute of Youth Development, Sriperumbudur","33","2015","true","07","604"
"0549","Uttar Pradesh Technical University, Lucknow","09","2015","true","02","157"
"0637","UNIVERSITY OF AGRICULTURAL AND HORTICULTURAL SCIENCES, SHIMOGA","29","2015","true","02","568"
"0685","INDIRA GANDHI DELHI TECHNICAL UNIVERSITY FOR WOMEN","07","2015","true","02","095"
"0686","ALL INDIA INSTITUTE OF MEDICAL SCIENCES, PATNA","10","2015","true","07","230"
"0688","ALL INDIA INSTITUTE OF MEDICAL SCIENCES, BHUBANESWAR","21","2015","true","07","386"
"0692","MAULANA AZAD UNIVERSITY, JODHPUR","08","2015","true","03","113"
"0693","SANGAM UNIVERSITY, BHILWARA","08","2015","true","03","122"
"0694","CAREER POINT UNIVERSITY, HAMIRPUR","02","2015","true","03","028"
"0696","IEC (INDIA EDUCATION CENTRE) UNIVERSITY","02","2015","true","03","031"
"0627","School of Planning & Architecture Vijaywada","28","2015","true","07","547"
"0699","INDIRA GANDHI UNIVERSITY, MEERPUR","06","2015","true","02","085"
"0700","K.R. MANGALAM UNIVERSITY, GURGAON","06","2015","true","03","086"
"0701","INDIAN INSTITUTE OF TECHNOLOGY (BANARAS HINDU UNIVERSITY), VARANASI","09","2015","true","07","197"
"0702","SHREE GURU GOBIND SINGH TRICENTENARY UNIVERSITY, GURGAON","06","2015","true","03","086"
"0706","KAMDHENU UNIVERSITY, GANDHINAGAR","24","2015","true","02","473"
"0707","MANYAWAR SHRI KANSHIRAM JI UNIVERSITY OF AGRICULTURE AND TECHNOLOGY, BANDA","09","2015","true","02","170"
"0708","C.U.SHAH UNIVERSITY, SURENDRANAGAR","24","2015","true","03","475"
"0713","ACADEMY OF SCIENTIFIC & INNOVATIVE RESEARCH","33","2015","true","07","603"
"0724","M.S. RAMAIAH UNIVERSITY OF APPLIED SCIENCES, BANGALORE","29","2015","true","03","572"
"0727","JAGRAN LAKECITY UNIVERSITY, BHOPAL","23","2015","true","03","444"
"0732","MAHATMA GANDHI UNIVERSITY OF MEDICAL SCIENCES AND TECHNOLOGY, JAIPUR","08","2015","true","03","110"
"0733","PES UNIVERSITY, BANGLORE","29","2015","true","03","572"
"0735","BML MUNJAL UNIVERSITY","06","2015","true","03","086"
"0737","SWAMI RAMA HIMALAYAN UNIVERSITY","05","2015","true","03","060"
"0738","CHAUDHARY RANBIR SINGH UNIVERSITY, JIND","06","2015","true","02","077"
"0739","MADAN MOHAN MALAVIYA UNIVERSITY OF TECHNOLOGY,","09","2015","true","02","188"
"0740","ARUNACHAL UNIVERSITY OF STUDIES","12","2015","true","03","259"
"0741","JECRC UNIVERSITY","08","2015","true","03","110"
"0743","INDIRA GANDHI TECHNOLOGICAL AND MEDICAL SCIENCES UNIVERSITY, ZIRO","12","2015","true","03","255"
"0101","Indian Agricultural Research Institute (KRISHI PUSHA) New Delhi.","07","2015","true","04","094"
"0105","Indraprastha Institute of Information Technology, Delhi","07","2015","true","02","098"
"0118","South Asian University, New Delhi","07","2015","true","01","098"
"0128","Charotar University of Science & Technology,  Anand","24","2015","true","03","482"
"0142","Krantiguru Shyamji Krishna Verma Kachchh University, Kachchh","24","2015","true","02","468"
"0153","Veer Narmad South Gujarat University, Surat","24","2015","true","02","492"
"0157","Bhagat Phool Singh  Mahila University, Khanpur Kalan, Sonipat","06","2015","true","02","076"
"0754","INDIAN INSTITUTE OF INFORMATION TECHNOLOGY, SRIRANGAM","33","2015","true","19","614"
"0181","Dr. Y.S. Parmar University of Horticulture and Forestry, Solan","02","2015","true","02","031"
"0190","Shoolini University of Bio Technology and Management Sciences, Oachghat, Solan","02","2015","true","03","031"
"0400","Jain Vishva Bharati Institute, Nagaur","08","2015","true","06","112"
"0734","LAKULISH YOGA UNIVERSITY, AHMEDABAD","24","2015","true","03","474"
"0736","ADESH UNIVERSITY","03","2015","true","03","046"
"0744","ASHOKA UNIVERSITY","06","2015","true","03","076"
"0211","The Institute of Chartered Financial Ayalysts of India University, Ranchi","20","2015","true","03","364"
"0221","International Institute of Information Technology, Bangalore","29","2015","true","04","583"
"0238","National Law School of India University, Bangalore","29","2015","true","02","572"
"0241","Sri Devraj Urs Acaedmy of Highehr Education and Research, Kolar","29","2015","true","06","581"
"0254","Indian Institute of Science Education & Research (IISER), Thiruvananthapuram","32","2015","true","07","601"
"0282","Mahatama Gandhi Gramodaya Vishwavidyalaya, Chitrakoot, Satna","23","2015","true","02","429"
"0305","Indian Institute of Science Education & Research (IISER), Pune,","27","2015","true","07","521"
"0313","Maharashtra University of Health Sciences, Nashik","27","2015","true","02","516"
"0332","Rashtrasant Tukadoji Maharaj Nagpur University, Nagpur","27","2015","true","02","505"
"0339","Mahatma Gandhi University, Tura, West Garo Hills","17","2015","true","03","297"
"0360","Orissa University of Agriculture &  Technology, Bhubaneswar","21","2015","true","02","386"
"0367","Veer Surendra Sai University of Technology, Sambalpur","21","2015","true","02","372"
"0391","Birla Institute of Technology & Sciences, Pilani","08","2015","true","06","103"
"0397","Jagadguru Ramanandacharya Rajasthan Sanskrit University, Jaipur","08","2015","true","02","110"
"0401","Jaipur National University, Jaipur","08","2015","true","03","110"
"0423","Shri Jagdish Prasad Jhabarmal Tibrewala University, Jhunjhunu","08","2015","true","03","103"
"0431","Sikkim Manipal University, Gangtok","11","2015","true","03","244"
"0446","Bharath Institute of Higher Education & Research","33","2015","true","06","604"
"0455","Indian Institute of Information Technology, Design & Manufacturing, Kancheepuram","33","2015","true","07","604"
"0476","Shanmugha Arts, Science, Technology & Reserch Academy (SASTRA), Thanjavur","33","2015","true","06","620"
"0494","The Institute of Chartered Financial Analysts of India University, Agartala","16","2015","true","03","289"
"0522","Jaypee Institute of Information Technology, Noida","09","2015","true","06","141"
"0525","Mahatama Jyotiba Phule Rohikhand University, Bareilly","09","2015","true","02","150"
"0542","Shobit Institute of Engineering & Technology, Meerut","09","2015","true","06","138"
"0564","University of Petroleum and Energy Studies, Dehradun","05","2015","true","03","060"
"0582","Ramakrishna Mission Vivekananda Educational  and Research Institute, Howrah","19","2015","true","06","341"
"0590","West Bengal State University, Kolkata","19","2015","true","02","337"
"0600","National University of Study & Research in Law, Ranchi","20","2015","true","02","364"
"0616","National Institute of Technology Uttarakhand","05","2015","true","07","061"
"0632","RAJIV GANDHI UNIVERSITY OF KNOWLEDGE TECHNOLOGIES","28","2015","true","02","551"
"0651","ATAL BIHARI VAJPAYEE HINDI VISHWAVIDYALAYA","23","2015","true","02","444"
"0654","UTTARAKHAND UNIVERSITY OF HORTICULTURE AND FORESTRY, BHARSAR","05","2015","true","02","061"
"0659","KARNATAKA JANAPADA VISHWAVIDYALAYA, GOTAGODI","29","2015","true","02","564"
"0679","SARDAR PATEL UNIVERSITY OF POLICE, SECURITY AND CRIMINAL JUSTICE","08","2015","true","02","113"
"0695","INSTITUTE OF CHARTERED FINANCIAL ANALYSTS OF INDIA UNIVERSITY, SOLAN","02","2015","true","03","031"
"0749","MANIPAL UNIVERSITY, JAIPUR","08","2015","true","03","110"
"0750","UTTARANCHAL UNIVERSITY, DEHRADUN","05","2015","true","03","060"
"0584","INDIAN INSTITUTE OF ENGINEERING SCIENCE AND TECHNOLOGY, SHIBPUR","19","2015","true","07","341"
"0097","Bharat Ratana Dr. B. R. Ambedkar University","07","2015","true","02","091"
"0418","Dr Sarvepalli Radhakrishnan Rajasthan Ayurved University, Jodhpur","08","2015","true","02","113"
"0174","Pt. Bhagwat Dayal Sharma University of Health Sciences","06","2015","true","02","082"
"0755","SARVEPALLI RADHAKRISHNAN UNIVERSITY","23","2015","true","03","444"
"0132","Ganpat University, Ganpat Vidyanagar, Kherva","24","2015","true","03","471"
"0742","M V N University, Palwal","06","2015","true","03","089"
"0757","AMITY UNIVERSITY, RAIPUR","22","2015","true","03","410"
"0758","PACIFIC MEDICAL UNIVERSITY","08","2015","true","03","130"
"0761","ABHILASHI UNIVERSITY","02","2015","true","03","027"
"0762","JHARKHAND RAI UNIVERSITY","20","2015","true","03","364"
"0764","SHRI RAMASAMY MEMORIAL UNIVERSITY","11","2015","true","03","244"
"0765","INSTITUTE OF INFRASTRUCTURE TECHNOLOGY RESEARCH AND MANAGEMENT (IITRAM)","24","2015","true","02","474"
"0766","THE WEST BENGAL UNIVERSITY OF TEARCHERS TRAINING, EDUCATION PLANNING AND ADMINISTRATION","19","2015","true","02","342"
"0532","Nehru Gram Bharati Vishwavidyalaya,  Allahabad","09","2015","true","06","175"
"0767","VENKATESHWARA OPEN UNIVERSITY","12","2015","true","11","248"
"0768","DIAMOND HARBOUR WOMENS UNIVERSITY","19","2015","true","02","343"
"0769","RAYAT BAHRA UNIVERSITY","03","2015","true","03","052"
"0770","INDIAN INSTITUTE OF INFORMATION TECHNOLOGY, SENAPATI","14","2015","true","19","272"
"0771","INSTITUTE OF ADVANCED RESEARCH, GANDHINAGAR","24","2015","true","03","473"
"0592","Maulana Abul Kalam Azad University of Technology, West Bengal","19","2015","true","02","337"
"0772","BANKURA UNIVERSITY, BANKURA","19","2015","true","02","339"
"0773","IMS UNISON UNIVERSITY","05","2015","true","03","060"
"0777","NORTH EAST FRONTIER TECHNICAL UNIVERSITY","12","2015","true","03","250"
"0778","SEACOM SKILLS UNIVERSITY","19","2015","true","03","334"
"0780","MOTHERHOOD UNIVERSITY","05","2015","true","03","068"
"0781","TEAM LEASE SKILLS UNIVERSITY","24","2015","true","03","486"
"0782","SHRI GOVIND GURU UNIVERSITY","24","2015","true","02","484"
"0783","BHAKTA KAVI NARSINH MEHTA UNIVERSITY","24","2015","true","02","479"
"0784","PROFESSOR JAYASHANKAR TELANGANA STATE AGRICULTURAL UNIVERSITY","36","2015","true","02","536"
"0785","PANDIT DEENDAYAL UPADHYAYA SHEKHAWATI UNIVERSITY","08","2015","true","02","111"
"0786","A P J ABDUL KALAM TECHNOLOGICAL UNIVERSITY","32","2015","true","02","601"
"0788","CHAUDHARY BANSI LAL UNIVERSITY","06","2015","true","02","081"
"0792","JAYPEE UNIVERSITY, ANOOPSHAHR","09","2015","true","03","142"
"0793","MAHARAJA SURAJMAL BRIJ UNIVERSITY","08","2015","true","02","105"
"0794","AURO UNIVERSITY OF HOSPITALITY AND MANAGEMENT","24","2015","true","03","492"
"0795","INDIAN INSTITUTE OF INFORMATION TECHNOLOGY, GUWAHATI","18","2015","true","19","322"
"0796","INDIAN INSTITUTE OF INFORMATION TECHNOLOGY, KALYANI","19","2015","true","19","336"
"0797","INDIAN INSTITUTE OF INFORMATION TECHNOLOGY, UNA","02","2015","true","19","029"
"0798","INDIAN INSTITUTE OF INFORMATION TECHNOLOGY, VADODARA","24","2015","true","19","486"
"0799","INDIAN INSTITUTE OF INFORMATION TECHNOLOGY, KOTA","08","2015","true","19","127"
"0800","INDIAN INSTITUTE OF INFORMATION TECHNOLOGY, SONIPAT","06","2015","true","19","076"
"0801","INDIAN INSTITUTE OF INFORMATION TECHNOLOGY, LUCKNOW","09","2015","true","19","157"
"0802","INDIAN INSTITUTE OF INFORMATION TECHNOLOGY, KOTTAYAM","32","2015","true","19","597"
"0803","INDIAN INSTITUTE OF INFORMATION TECHNOLOGY, DHARWAD","29","2015","true","19","562"
"0551","Dev Sanskriti Vishwavidyalaya, Gayatrikunj","05","2015","true","03","068"
"0810","MAHARAJA CHHATRASAL BUNDELKHAND UNIVERSITY","23","2015","true","02","425"
"0252","Central Univeristy of Kerala, Kasaragod","32","2015","true","01","588"
"0163","The Northcap University, Gurgaon","06","2015","true","03","086"
"0811","MAHARAJA RANJIT SINGH STATE TECHNICAL UNIVERSITY","03","2015","true","02","046"
"0382","I K Gujral Punjab Technical University, Jalandhar","03","2015","true","02","036"
"0812","MAHAPURUSHA SRIMANTA SANKARADEVA VISWAVIDYALAYA","18","2015","true","03","305"
"0814","RAJ RISHI BHARTRIHARI MATSYA UNIVERSITY","08","2015","true","02","104"
"0815","ASSAM WOMENS UNIVERSITY","18","2015","true","02","312"
"0817","GUJARAT UNIVERSITY OF TRANSPLANTATION SCIENCES","24","2015","true","02","474"
"0697","A P GOYAL SHIMLA UNIVERSITY","02","2015","true","03","033"
"0787","COOCH BEHAR PANCHANAN BARMA UNIVERSITY","19","2015","true","02","329"
"0818","Manav Rachna University","06","2015","true","03","088"
"0760","INDIAN INSTITUTE OF INFORMATION TECHNOLOGY, CHITTOOR","28","2015","true","19","554"
"0819","HEMWATI NANDAN BAHUGUNA MEDICAL EDUCATION UNIVERSITY","05","2015","true","02","060"
"0820","SAI NATH UNIVERSITY","20","2015","true","03","364"
"0116","School of Planning & Architecture, New Delhi","07","2015","true","07","095"
"0267","Atal Bihari Vajpayee Indian Institute of Information Technology and Management, Gwalior","23","2015","true","07","421"
"0286","Pandhi Dwarka Prasad Mishra Indian Institute of Information Technology & Manufacturing , Jabalpur","23","2015","true","07","451"
"0626","School of Planning & Architecture, Bhopal","23","2015","true","07","444"
